,,Overall,,,,,,,Conf.,,,Home,,,Away,,,Points,,,Totals,,,,,,,,,,,,,,,,
Rk,School,G,W,L,W-L%,SRS,SOS,,W,L,,W,L,,W,L,,Tm.,Opp.,,MP,FG,FGA,FG%,3P,3PA,3P%,FT,FTA,FT%,ORB,TRB,AST,STL,BLK,TOV,PF
1,Abilene Christian,35,24,11,.686,2.97,-3.59,,13,5,,15,2,,8,5,,2505,2115,,1405,888,2084,.426,276,881,.313,453,593,.764,426,1219,497,385,69,528,561
2,Air Force,35,16,19,.457,-4.20,-0.99,,7,13,,8,6,,4,12,,2108,2216,,1405,760,2118,.359,195,702,.278,393,545,.721,420,1190,396,300,76,451,562
3,Akron,31,7,24,.226,-12.78,0.05,,4,14,,5,10,,1,13,,2156,2410,,1265,752,1854,.406,236,767,.308,416,596,.698,341,1104,382,201,71,584,666
4,Alabama NCAA,35,24,11,.686,25.44,17.02,,7,9,,16,4,,3,6,,2450,2155,,1400,882,1998,.441,286,785,.364,400,552,.725,354,1276,479,268,161,522,568
5,Alabama A&M,33,22,11,.667,-7.38,-9.41,,17,1,,13,1,,7,6,,2038,1864,,1324,702,1778,.395,123,477,.258,511,765,.668,441,1253,353,312,97,632,567
6,Alabama State,32,17,15,.531,-17.33,-9.50,,12,6,,8,4,,7,9,,1934,2121,,1286,716,1848,.387,127,483,.263,375,620,.605,464,1345,339,309,84,755,715
7,Albany (NY),30,14,16,.467,-4.60,-5.22,,4,12,,9,5,,5,11,,1728,1657,,1220,646,1496,.432,174,517,.337,262,381,.688,277,952,400,183,61,453,439
8,Alcorn State,31,17,14,.548,-16.48,-10.55,,14,4,,10,4,,7,7,,1783,1868,,1244,648,1745,.371,177,593,.298,310,484,.640,359,1099,424,305,77,577,560
9,American,30,7,23,.233,-18.25,-7.65,,5,13,,4,10,,3,13,,1671,1989,,1210,598,1646,.363,185,671,.276,290,392,.740,281,1028,350,167,61,451,371
10,Appalachian State,30,11,19,.367,-2.19,1.09,,4,14,,8,7,,3,11,,1879,1845,,1205,696,1642,.424,180,562,.320,307,468,.656,311,1077,424,204,63,479,492
11,Arizona,30,12,18,.400,6.56,7.93,,3,15,,12,8,,0,9,,2094,2135,,1204,775,1744,.444,127,422,.301,417,556,.750,226,955,441,288,73,492,621
12,Arizona State NCAA,35,24,11,.686,16.70,10.98,,9,9,,15,2,,7,7,,2317,2117,,1410,861,2034,.423,158,533,.296,437,600,.728,379,1277,516,328,99,581,642
13,Arkansas,32,12,20,.375,7.61,13.17,,1,15,,9,9,,1,10,,2253,2431,,1285,786,2055,.382,244,762,.320,437,589,.742,413,1288,383,250,107,531,563
14,Arkansas State,37,27,10,.730,8.60,-0.43,,14,4,,15,3,,9,6,,2826,2450,,1490,996,2567,.388,386,1285,.300,448,629,.712,573,1388,545,532,85,640,795
15,Arkansas–Pine Bluff,31,15,16,.484,-21.52,-12.92,,10,8,,8,3,,5,12,,1894,2118,,1245,693,1797,.386,142,504,.282,366,617,.593,421,1141,365,318,66,593,544
16,Army,34,26,8,.765,-0.23,-8.26,,14,4,,15,2,,11,6,,2202,1901,,1360,783,1885,.415,236,721,.327,400,541,.739,369,1151,510,272,77,440,500
17,Auburn,32,15,17,.469,10.95,14.51,,3,13,,9,7,,3,8,,1898,2012,,1290,697,1807,.386,143,529,.270,361,511,.706,342,1006,301,342,92,519,560
18,Austin Peay,33,19,14,.576,-1.84,-6.26,,8,10,,5,10,,11,3,,2177,1936,,1325,806,1920,.420,209,719,.291,356,507,.702,456,1202,432,304,54,525,633
19,Ball State,33,26,7,.788,9.21,-1.23,,16,2,,12,2,,11,4,,2597,2178,,1319,956,2081,.459,246,735,.335,439,638,.688,436,1463,646,255,119,565,550
20,Baylor NCAA,34,25,9,.735,23.63,13.36,,13,5,,15,2,,7,4,,2399,2050,,1365,841,2004,.420,242,771,.314,475,637,.746,415,1368,504,242,209,569,544
21,Bellarmine,32,2,30,.063,-36.03,-1.22,,0,18,,1,12,,1,16,,1558,2611,,1285,527,1666,.316,159,607,.262,345,502,.687,263,1021,265,152,43,646,515
22,Belmont,32,20,12,.625,5.19,0.97,,16,4,,11,4,,9,5,,2271,2136,,1295,791,1996,.396,250,807,.310,439,615,.714,368,1194,428,319,134,412,583
23,Bethune-Cookman,33,7,26,.212,-24.14,-10.94,,4,14,,4,6,,1,15,,1842,2214,,1325,629,1769,.356,130,463,.281,454,632,.718,399,1149,318,271,102,674,667
24,Binghamton,33,20,13,.606,-3.66,-4.11,,10,6,,13,2,,7,10,,2153,2040,,1335,789,1838,.429,176,557,.316,399,531,.751,379,1113,366,287,76,516,546
25,Boise State,34,25,9,.735,3.83,-1.90,,14,6,,15,2,,6,6,,2370,2173,,1360,858,2013,.426,229,609,.376,425,574,.740,361,1277,539,221,94,515,507
26,Boston College,31,5,26,.161,-3.62,9.13,,1,17,,4,14,,1,10,,1987,2382,,1245,701,1911,.367,216,727,.297,369,476,.775,347,994,387,209,34,443,533
27,Boston University,31,11,20,.355,-13.10,-8.00,,6,12,,5,10,,6,10,,1826,1908,,1250,695,1577,.441,183,531,.345,253,384,.659,272,1034,437,147,123,461,406
28,Bowling Green,31,17,14,.548,-3.53,-0.35,,9,9,,12,3,,5,9,,2153,2053,,1245,729,1859,.392,220,761,.289,475,646,.735,371,1143,439,361,145,521,589
29,Bradley,33,20,13,.606,-0.53,-4.37,,13,7,,13,2,,6,9,,2301,2117,,1335,820,1998,.410,264,762,.346,397,542,.732,331,1225,455,249,111,442,574
30,Brigham Young,38,26,12,.684,16.61,10.46,,9,9,,15,4,,6,5,,2683,2449,,1520,953,2330,.409,303,969,.313,474,671,.706,503,1545,543,374,176,641,689
31,Brown,27,16,11,.593,0.67,-2.06,,8,6,,9,2,,7,8,,1656,1533,,1090,611,1582,.386,176,605,.291,258,386,.668,359,1084,333,240,100,430,396
32,Bryant,30,18,12,.600,-3.38,-8.78,,8,8,,9,5,,9,7,,1895,1649,,1220,715,1716,.417,174,526,.331,291,427,.681,340,1101,450,226,81,443,526
33,Bucknell,30,11,19,.367,-14.56,-7.62,,7,11,,7,8,,4,11,,1582,1707,,1205,590,1539,.383,163,576,.283,239,337,.709,224,905,345,213,109,434,421
34,Buffalo,30,3,27,.100,-15.44,-2.28,,1,17,,3,10,,0,14,,1760,2155,,1200,664,1781,.373,124,504,.246,308,473,.651,421,1160,350,259,78,622,580
35,Butler,31,12,19,.387,4.95,7.76,,6,14,,9,8,,2,9,,1927,2014,,1245,699,1641,.426,195,615,.317,334,449,.744,256,1011,446,201,88,558,475
36,Cal Poly,30,4,26,.133,-19.99,-0.20,,2,18,,3,11,,1,15,,1706,2172,,1202,614,1619,.379,122,454,.269,356,485,.734,300,1044,317,193,52,603,566
37,Cal State Bakersfield,30,7,23,.233,-14.27,-5.45,,2,18,,3,12,,4,11,,1844,2088,,1215,644,1841,.350,173,610,.284,383,557,.688,357,1084,283,266,76,476,643
38,Cal State Fullerton,32,18,14,.563,-3.61,-5.58,,13,7,,10,6,,7,7,,2282,2105,,1304,830,2155,.385,124,478,.259,498,717,.695,588,1275,451,496,74,555,658
39,Cal State Northridge,30,10,20,.333,-12.04,-4.33,,6,14,,7,8,,3,11,,1940,2003,,1200,700,1784,.392,225,768,.293,315,471,.669,370,1147,379,299,124,608,602
40,California,36,21,15,.583,17.68,11.74,,9,9,,14,5,,5,6,,2511,2297,,1460,897,2060,.435,262,810,.323,455,637,.714,386,1345,570,233,116,567,531
41,California Baptist NCAA,34,23,11,.676,2.82,-1.95,,15,3,,10,5,,11,6,,2446,2284,,1375,912,2225,.410,291,965,.302,331,470,.704,385,1393,519,300,182,504,644
42,Campbell,32,20,12,.625,-6.69,-7.73,,13,5,,12,2,,7,7,,1933,1780,,1290,703,1782,.395,179,591,.303,348,525,.663,424,1189,358,240,161,523,470
43,Canisius,29,5,24,.172,-21.37,-7.99,,3,17,,4,10,,1,14,,1592,1980,,1174,563,1429,.394,120,433,.277,346,487,.710,328,1031,324,156,48,684,514
44,Central Arkansas,32,21,11,.656,1.94,-6.83,,13,5,,9,3,,9,7,,2214,1837,,1290,820,2028,.404,268,880,.305,306,431,.710,409,1297,418,292,113,433,605
45,Central Connecticut State,29,2,27,.069,-32.40,-14.09,,2,16,,2,11,,0,16,,1559,2090,,1160,569,1629,.349,90,383,.235,331,442,.749,270,940,274,237,66,489,496
46,Central Michigan,30,18,12,.600,2.86,-0.32,,12,6,,9,4,,9,7,,2109,1990,,1206,758,1770,.428,156,445,.351,435,620,.702,437,1255,396,187,70,556,500
47,Charleston Southern,30,8,22,.267,-19.89,-7.44,,6,10,,4,10,,4,11,,1844,2184,,1205,648,1714,.378,262,804,.326,286,409,.699,256,1042,339,166,55,508,479
48,Charlotte,32,14,18,.438,0.44,3.16,,8,10,,8,7,,5,8,,2033,2120,,1300,769,2058,.374,192,637,.301,303,446,.679,550,1305,377,279,114,543,551
49,Chattanooga,31,20,11,.645,-6.75,-9.19,,10,4,,11,3,,6,6,,2011,1841,,1250,743,1760,.422,206,628,.328,319,427,.747,344,1112,354,245,81,464,519
50,Chicago State,32,9,23,.281,-24.16,-11.69,,8,10,,6,5,,3,16,,1993,2392,,1281,733,1867,.393,139,511,.272,388,596,.651,348,1061,364,295,97,572,656
51,Cincinnati,31,11,20,.355,7.12,11.88,,6,12,,7,9,,2,10,,2170,2274,,1250,779,1916,.407,159,498,.319,453,635,.713,457,1233,391,216,98,521,565
52,Clemson NCAA,33,21,12,.636,18.66,10.06,,11,7,,12,1,,7,8,,2233,1949,,1340,813,1891,.430,266,776,.343,341,508,.671,362,1212,429,216,86,431,503
53,Cleveland State,36,26,10,.722,0.08,-7.10,,13,7,,18,1,,6,8,,2526,2172,,1455,882,1982,.445,200,666,.300,562,758,.741,387,1349,492,346,75,614,586
54,Coastal Carolina,32,14,18,.438,1.95,-0.05,,7,11,,9,7,,5,10,,2338,2158,,1290,786,1962,.401,275,805,.342,491,710,.692,421,1292,399,323,122,573,588
55,Colgate,31,7,24,.226,-18.42,-6.39,,2,16,,4,9,,3,14,,1644,1984,,1260,617,1757,.351,151,575,.263,259,355,.730,351,1081,332,202,64,503,480
56,College of Charleston NCAA,33,27,6,.818,4.16,-6.68,,16,2,,11,1,,11,3,,2443,1939,,1320,891,2208,.404,245,750,.327,416,553,.752,528,1342,436,362,60,410,500
57,Colorado NCAA,34,22,12,.647,19.75,13.10,,11,7,,14,3,,4,6,,2295,2069,,1365,844,1989,.424,137,502,.273,470,644,.730,446,1296,462,316,99,558,593
58,Colorado State NCAA,35,27,8,.771,10.61,0.38,,15,5,,13,3,,10,3,,2324,1931,,1400,831,1969,.422,229,708,.323,433,562,.770,278,1258,412,227,122,369,489
59,Columbia,33,25,8,.758,16.81,3.75,,11,3,,9,4,,13,1,,2368,1937,,1330,896,2020,.444,222,694,.320,354,520,.681,489,1255,541,394,90,550,597
60,Connecticut NCAA,39,38,1,.974,50.86,14.43,,20,0,,17,0,,12,0,,3387,1966,,1560,1326,2573,.515,358,930,.385,377,509,.741,447,1465,905,607,192,491,517
61,Coppin State,33,10,23,.303,-13.52,-2.26,,6,8,,6,6,,3,13,,1928,2212,,1325,658,1939,.339,162,630,.257,450,660,.682,475,1290,346,298,91,737,581
62,Cornell,27,9,18,.333,-13.58,-2.89,,4,10,,3,9,,6,9,,1469,1668,,1090,549,1404,.391,152,478,.318,219,315,.695,252,840,373,173,34,418,354
63,Creighton,31,16,15,.516,9.20,10.46,,11,9,,8,6,,6,8,,2093,2132,,1245,753,1882,.400,267,828,.322,320,421,.760,324,1119,467,204,104,429,481
64,Dartmouth,27,10,17,.370,-17.73,-2.69,,1,13,,6,7,,4,10,,1506,1720,,1080,536,1431,.375,172,579,.297,262,371,.706,278,900,343,164,63,429,282
65,Davidson,33,21,12,.636,9.92,2.59,,12,6,,13,3,,7,6,,2158,1916,,1340,792,1856,.427,241,723,.333,333,477,.698,343,1123,426,310,108,513,531
66,Dayton,31,17,14,.548,-0.84,-0.26,,9,9,,8,6,,7,6,,2076,2094,,1243,759,1722,.441,173,555,.312,385,571,.674,375,1191,354,209,113,570,534
67,Delaware,32,13,19,.406,-7.56,-4.04,,6,12,,5,9,,6,9,,2018,2103,,1305,724,1808,.400,178,581,.306,392,533,.735,337,1144,319,246,90,580,488
68,Delaware State,30,7,23,.233,-21.44,-8.66,,4,10,,5,8,,2,13,,1656,1929,,1200,613,1618,.379,124,415,.299,306,486,.630,291,965,320,275,81,593,640
69,Denver,30,11,19,.367,-11.82,-2.00,,5,11,,8,7,,3,11,,1816,2003,,1205,656,1717,.382,196,674,.291,308,436,.706,293,984,358,250,84,483,413
70,DePaul,32,8,24,.250,-1.85,7.43,,5,15,,7,10,,1,13,,2016,2313,,1280,777,2062,.377,190,657,.289,272,437,.622,454,1111,521,309,87,518,567
71,Detroit Mercy,31,7,24,.226,-14.43,-4.00,,4,16,,4,11,,2,12,,1947,2266,,1240,715,1842,.388,147,551,.267,370,577,.641,367,1112,334,234,61,497,570
72,Drake,32,12,20,.375,-4.50,-1.53,,10,10,,5,10,,6,7,,2279,2374,,1280,834,1940,.430,216,701,.308,395,567,.697,392,1263,573,178,87,524,595
73,Drexel,32,21,11,.656,-3.09,-7.80,,13,5,,11,3,,8,7,,2037,1834,,1305,776,1892,.410,156,512,.305,329,449,.733,396,1180,497,220,88,384,416
74,Duke NCAA,36,27,9,.750,34.41,20.05,,16,2,,14,1,,9,3,,2667,2150,,1445,998,2277,.438,224,687,.326,447,646,.692,503,1459,622,327,227,533,525
75,Duquesne,31,12,19,.387,-5.84,-1.59,,4,14,,7,7,,4,10,,1978,2017,,1250,716,1887,.379,219,674,.325,327,470,.696,435,1288,344,247,96,594,570
76,East Carolina,32,22,10,.688,4.11,-1.83,,14,4,,13,4,,7,4,,2278,2088,,1295,802,2044,.392,186,610,.305,488,665,.734,447,1183,452,339,132,482,609
77,East Tennessee State,31,18,13,.581,-9.51,-7.96,,10,4,,7,7,,8,4,,1770,1752,,1255,615,1758,.350,165,610,.270,375,545,.688,380,1158,294,195,89,420,451
78,East Texas A&M,30,13,17,.433,-14.42,-8.42,,9,13,,9,6,,4,10,,1917,1981,,1200,684,1770,.386,182,603,.302,367,503,.730,303,1052,442,246,114,450,485
79,Eastern Illinois,31,4,27,.129,-17.54,-2.57,,3,17,,2,10,,2,16,,1764,2228,,1255,625,1756,.356,185,639,.290,329,441,.746,292,1053,339,211,110,535,520
80,Eastern Kentucky,34,25,9,.735,2.73,-7.31,,15,3,,15,3,,10,5,,2429,2013,,1360,875,2092,.418,265,853,.311,414,563,.735,366,1321,516,284,132,459,495
81,Eastern Michigan,29,13,16,.448,-3.70,-1.52,,6,12,,8,5,,5,11,,1954,1963,,1164,715,1697,.421,165,590,.280,359,479,.749,318,1056,389,199,74,486,531
82,Eastern Washington,33,15,18,.455,-4.99,-2.74,,7,11,,8,6,,5,11,,2285,2258,,1336,826,2097,.394,229,740,.309,404,572,.706,413,1371,401,217,101,520,518
83,Elon,32,16,16,.500,-6.84,-7.29,,10,8,,10,4,,4,10,,2073,1998,,1285,762,1908,.399,164,584,.281,385,531,.725,476,1206,420,296,72,555,576
84,Evansville,35,10,25,.286,-10.42,-2.94,,5,15,,4,9,,3,15,,2388,2650,,1415,844,2146,.393,248,783,.317,452,614,.736,396,1276,520,226,107,550,685
85,Fairfield NCAA,33,28,5,.848,11.62,-6.93,,19,1,,12,1,,12,2,,2476,1864,,1320,890,1968,.452,373,1011,.369,323,427,.756,304,1070,566,312,104,439,546
86,FDU NCAA,35,30,5,.857,-0.54,-15.60,,18,0,,18,1,,12,4,,2397,1802,,1400,889,2111,.421,325,937,.347,294,408,.721,490,1406,480,225,115,463,489
87,Florida,33,18,15,.545,19.52,13.06,,5,11,,13,5,,2,9,,2417,2204,,1320,872,1946,.448,177,611,.290,496,708,.701,396,1243,439,308,133,558,637
88,Florida A&M,31,9,22,.290,-22.84,-11.54,,7,11,,7,6,,1,15,,1828,2161,,1240,638,1800,.354,93,407,.229,459,653,.703,409,1118,296,224,85,558,602
89,Florida Atlantic,32,14,18,.438,-6.66,1.28,,7,11,,8,7,,5,9,,1992,2195,,1295,704,1793,.393,207,674,.307,377,562,.671,315,1100,387,281,89,572,554
90,Florida Gulf Coast,32,16,16,.500,-1.87,-1.64,,11,7,,8,8,,6,6,,2028,1892,,1280,724,1685,.430,202,661,.306,378,551,.686,286,1146,401,238,82,538,482
91,Florida International,33,21,12,.636,-1.75,-3.56,,12,6,,13,4,,7,7,,2319,2169,,1335,800,1952,.410,173,587,.295,546,792,.689,463,1201,387,384,75,653,692
92,Florida State,31,10,21,.323,8.45,14.00,,5,13,,6,11,,3,8,,2217,2389,,1255,783,2070,.378,243,792,.307,408,547,.746,395,1260,368,222,142,471,522
93,Fordham,30,10,20,.333,-7.87,-3.56,,2,16,,7,9,,3,10,,1812,1928,,1215,673,1850,.364,160,567,.282,306,450,.680,463,1125,342,292,74,540,571
94,Fresno State,33,15,18,.455,-0.49,-1.21,,8,12,,8,6,,4,11,,2076,2004,,1320,776,1980,.392,166,520,.319,358,501,.715,421,1230,349,314,58,544,646
95,Furman,31,18,13,.581,-9.29,-6.51,,9,5,,10,6,,7,6,,2097,1899,,1245,764,1874,.408,176,543,.324,393,623,.631,435,1232,406,351,131,554,559
96,Gardner-Webb,31,12,19,.387,-19.90,-12.44,,9,7,,6,7,,6,10,,1712,1943,,1240,627,1672,.375,219,696,.315,239,375,.637,310,931,335,325,73,561,510
97,George Mason,33,23,10,.697,11.26,4.05,,16,2,,12,4,,9,3,,2220,1982,,1340,805,2063,.390,207,635,.326,403,540,.746,449,1218,392,323,85,421,524
98,George Washington,36,18,18,.500,-0.74,0.09,,7,11,,13,5,,4,11,,2195,2185,,1450,790,1921,.411,193,619,.312,422,574,.735,388,1258,409,238,133,566,627
99,Georgetown,31,14,17,.452,8.56,8.40,,6,14,,8,8,,5,8,,1942,1937,,1250,695,1771,.392,182,608,.299,370,508,.728,421,1109,362,284,101,529,534
100,Georgia NCAA,32,22,10,.688,23.34,11.90,,8,8,,12,4,,6,4,,2354,1988,,1295,862,1918,.449,215,647,.332,415,578,.718,328,1179,441,254,86,448,571
101,Georgia Southern,31,23,8,.742,8.01,2.81,,16,2,,14,1,,9,6,,2227,2009,,1255,804,1807,.445,220,657,.335,399,554,.720,308,1090,401,246,86,436,483
102,Georgia State,31,10,21,.323,-6.98,1.40,,5,13,,7,8,,3,12,,2146,2310,,1265,741,1948,.380,211,745,.283,453,657,.689,365,1013,358,358,40,439,614
103,Georgia Tech,33,14,19,.424,12.27,12.39,,8,10,,10,6,,3,10,,2171,2175,,1335,789,1956,.403,158,585,.270,435,589,.739,347,1347,496,250,123,558,515
104,Gonzaga NCAA,34,24,10,.706,13.11,3.97,,14,4,,12,3,,9,4,,2521,2210,,1384,918,2033,.452,244,623,.392,441,577,.764,454,1392,573,240,78,587,589
105,Grambling,32,13,19,.406,-16.41,-11.24,,10,8,,9,5,,4,12,,2031,2014,,1285,745,2061,.361,135,579,.233,406,647,.628,541,1291,410,366,98,595,645
106,Grand Canyon,32,13,19,.406,3.62,3.50,,11,9,,7,7,,5,9,,2073,2069,,1280,736,1853,.397,199,685,.291,402,529,.760,357,1160,416,242,94,566,564
107,Green Bay NCAA,34,25,9,.735,6.45,-1.65,,17,3,,14,1,,9,6,,2325,2010,,1365,868,1949,.445,207,625,.331,382,507,.753,280,1227,588,252,86,443,444
108,Hampton,31,10,21,.323,-15.53,-7.57,,4,14,,3,9,,4,9,,1865,1970,,1245,688,1866,.369,191,659,.290,298,429,.695,369,1038,384,266,121,436,472
109,Harvard,32,20,12,.625,12.20,3.55,,10,4,,11,3,,7,6,,2090,1813,,1300,782,1971,.397,206,663,.311,320,427,.749,483,1210,423,286,130,505,565
110,Hawaii,33,22,11,.667,2.82,-3.40,,14,6,,13,5,,6,4,,2096,1884,,1335,758,1807,.419,223,664,.336,357,482,.741,324,1273,402,187,206,557,488
111,High Point NCAA,33,27,6,.818,-0.57,-11.90,,13,3,,14,2,,8,4,,2436,1983,,1335,879,1975,.445,258,780,.331,420,581,.723,308,1188,491,314,119,483,458
112,Hofstra,33,11,22,.333,-11.14,-3.73,,6,12,,3,10,,5,9,,1797,1998,,1325,686,1838,.373,169,568,.298,256,378,.677,386,1160,364,229,78,526,547
113,Holy Cross NCAA,33,23,10,.697,-1.69,-5.00,,14,4,,14,3,,9,7,,2010,1901,,1330,758,1842,.412,173,611,.283,321,427,.752,284,1178,486,245,115,482,433
114,Houston,30,7,23,.233,0.04,12.04,,1,17,,5,10,,1,11,,1836,2196,,1200,649,1766,.367,128,481,.266,410,572,.717,348,1039,312,274,114,562,539
115,Houston Christian,29,8,21,.276,-17.17,-6.69,,6,16,,5,8,,3,13,,1724,1924,,1185,622,1610,.386,160,619,.258,320,489,.654,318,1016,347,268,68,545,482
116,Howard NCAA,34,26,8,.765,-1.51,-7.68,,13,1,,11,0,,11,8,,2263,2053,,1360,792,2005,.395,145,494,.294,534,741,.721,422,1290,396,338,134,511,553
117,Idaho NCAA,35,29,6,.829,5.83,-3.84,,17,1,,14,1,,10,5,,2681,2279,,1405,993,2385,.416,237,782,.303,458,637,.719,544,1640,478,317,149,536,566
118,Idaho State,30,19,11,.633,-0.08,-3.46,,12,6,,8,5,,10,4,,1969,1819,,1205,728,1804,.404,135,447,.302,378,512,.738,385,1157,401,313,85,483,546
119,Illinois NCAA,34,22,12,.647,24.63,14.19,,9,9,,13,4,,6,7,,2602,2247,,1360,949,2102,.451,207,591,.350,497,610,.815,382,1210,523,246,78,421,597
120,Illinois State,38,24,14,.632,1.40,-3.16,,13,7,,17,1,,6,9,,2708,2535,,1550,969,2197,.441,219,701,.312,551,752,.733,392,1386,610,253,119,535,497
121,Illinois–Chicago,32,14,18,.438,-3.83,-3.95,,9,11,,8,8,,5,9,,2117,2113,,1285,825,1874,.440,123,422,.291,344,510,.675,339,1098,414,219,76,412,509
122,Incarnate Word,30,13,17,.433,-13.54,-5.93,,11,11,,8,6,,5,10,,1964,2146,,1205,685,1712,.400,218,714,.305,376,528,.712,368,1074,348,195,65,510,525
123,Indiana,32,18,14,.563,16.44,15.22,,6,12,,12,5,,4,7,,2284,2245,,1280,815,1731,.471,233,622,.375,421,526,.800,220,1039,402,152,46,495,597
124,Indiana State,32,10,22,.313,-14.94,-3.84,,5,15,,6,7,,3,12,,2387,2679,,1280,832,2100,.396,173,628,.275,550,765,.719,435,1279,415,220,87,498,692
125,Iona,32,20,12,.625,-13.30,-13.56,,12,8,,10,5,,9,6,,1931,1908,,1290,709,1938,.366,175,638,.274,338,459,.736,422,1204,406,235,62,444,522
126,Iowa NCAA,34,27,7,.794,30.88,19.88,,15,3,,15,2,,8,3,,2592,2218,,1375,989,2052,.482,225,647,.348,389,572,.680,370,1331,704,263,110,513,476
127,Iowa State NCAA,32,22,10,.688,23.76,9.35,,10,8,,15,3,,5,5,,2615,2154,,1280,939,1974,.476,264,737,.358,473,642,.737,326,1218,639,201,76,404,497
128,IU Indy,31,14,17,.452,-8.86,-3.62,,9,11,,10,5,,4,11,,2054,2131,,1250,702,1768,.397,169,609,.278,481,719,.669,341,1003,335,334,83,518,604
129,Jackson State,31,12,19,.387,-18.03,-10.80,,10,8,,5,8,,6,10,,1828,1968,,1245,642,1813,.354,186,603,.308,358,522,.686,449,1180,365,253,41,580,596
130,Jacksonville NCAA,33,24,9,.727,-0.42,-3.38,,13,5,,13,2,,8,7,,2392,2251,,1335,813,2037,.399,161,542,.297,605,833,.726,392,1233,391,325,106,526,649
131,Jacksonville State,32,16,16,.500,-6.61,-5.61,,9,9,,10,4,,5,10,,2015,1902,,1295,710,1836,.387,248,797,.311,347,496,.700,390,1210,333,185,89,460,441
132,James Madison NCAA,35,26,9,.743,17.52,4.63,,14,4,,14,3,,7,5,,2598,2147,,1410,981,2195,.447,219,702,.312,417,610,.684,468,1472,532,318,131,529,547
133,Kansas,36,22,14,.611,17.30,12.35,,8,10,,15,4,,5,6,,2590,2349,,1450,912,1921,.475,206,593,.347,560,739,.758,304,1261,523,243,111,583,613
134,Kansas City,30,7,23,.233,-11.13,-0.31,,4,12,,5,10,,2,12,,1997,2106,,1215,766,1858,.412,157,465,.338,308,482,.639,394,1049,383,267,83,446,541
135,Kansas State,37,19,18,.514,16.72,14.35,,8,10,,8,9,,6,6,,2586,2498,,1480,939,2174,.432,280,811,.345,428,601,.712,338,1222,555,361,95,544,648
136,Kennesaw State,30,13,17,.433,-8.22,-3.56,,6,12,,9,6,,4,10,,1859,1847,,1210,708,1642,.431,112,374,.299,331,504,.657,336,1039,369,286,130,602,562
137,Kent State,31,15,16,.484,-1.28,0.83,,9,9,,10,3,,4,11,,2138,2095,,1240,735,1827,.402,164,560,.293,504,644,.783,430,1210,411,257,85,572,589
138,Kentucky NCAA,36,25,11,.694,31.19,17.25,,8,8,,12,3,,9,5,,2695,2193,,1440,991,2232,.444,299,905,.330,414,590,.702,450,1454,608,199,235,476,547
139,La Salle,33,19,14,.576,-0.80,-0.46,,10,8,,9,6,,9,6,,2133,2111,,1320,785,1977,.397,165,562,.294,398,563,.707,399,1194,458,325,121,529,527
140,Lafayette,30,11,19,.367,-13.73,-9.73,,7,11,,5,7,,6,12,,1767,1887,,1209,627,1635,.383,216,632,.342,297,382,.777,247,985,342,199,92,413,356
141,Lamar,31,20,11,.645,-4.92,-9.22,,17,5,,13,1,,7,9,,1995,1835,,1255,706,1751,.403,161,485,.332,422,611,.691,437,1157,357,310,70,545,573
142,Le Moyne,33,12,21,.364,-25.96,-12.28,,9,9,,6,6,,6,14,,1853,2279,,1330,637,1717,.371,209,663,.315,370,470,.787,316,1107,351,179,48,591,517
143,Lehigh,32,17,15,.531,-5.68,-6.21,,11,6,,10,5,,7,10,,2120,2103,,1290,727,1683,.432,270,827,.326,396,512,.773,263,925,477,250,49,501,464
144,Liberty,31,18,13,.581,1.34,-0.35,,11,7,,9,5,,6,5,,1983,1860,,1240,734,1719,.427,209,593,.352,306,444,.689,381,1190,418,205,92,522,507
145,Lindenwood,33,25,8,.758,5.01,-4.03,,16,4,,12,2,,11,4,,2411,2012,,1320,875,1885,.464,277,737,.376,384,501,.766,326,1097,527,277,62,431,484
146,Lipscomb,30,10,20,.333,-11.16,-7.16,,7,11,,6,8,,4,11,,1833,1861,,1205,639,1608,.397,215,706,.305,340,474,.717,259,1090,309,221,182,555,411
147,Little Rock,31,15,16,.484,-7.93,-3.17,,11,9,,9,6,,5,9,,1891,1950,,1240,679,1824,.372,143,499,.287,390,542,.720,377,1145,316,222,77,471,563
148,Long Beach State,30,5,25,.167,-18.04,-0.98,,4,16,,5,11,,0,14,,1677,2166,,1205,603,1660,.363,168,597,.281,303,439,.690,294,1053,359,198,91,546,493
149,Long Island University,32,21,11,.656,-13.14,-18.10,,14,4,,10,4,,11,7,,2267,1999,,1290,793,1888,.420,232,682,.340,449,612,.734,380,1224,431,233,134,517,550
150,Longwood,31,21,10,.677,-6.17,-10.63,,11,5,,12,3,,6,6,,2372,2036,,1260,860,2124,.405,209,670,.312,443,608,.729,500,1268,452,424,71,534,477
151,Louisiana,31,5,26,.161,-17.13,0.62,,2,16,,2,12,,2,11,,1818,2300,,1240,671,1879,.357,100,406,.246,376,524,.718,403,1114,284,259,54,579,571
152,Louisiana State NCAA,35,29,6,.829,47.43,13.55,,12,4,,15,2,,10,2,,3325,2139,,1400,1252,2466,.508,201,532,.378,620,828,.749,604,1683,633,399,200,511,577
153,Louisiana Tech,33,26,7,.788,8.40,-1.60,,17,1,,15,1,,9,4,,2402,1932,,1325,866,1957,.443,240,696,.345,430,577,.745,432,1207,523,316,88,528,552
154,Louisiana–Monroe,33,17,16,.515,0.33,-0.05,,7,11,,10,5,,4,10,,2299,2237,,1320,849,2144,.396,193,597,.323,408,601,.679,558,1359,436,337,61,571,614
155,Louisville NCAA,37,29,8,.784,32.46,14.78,,15,3,,16,5,,9,0,,2911,2257,,1495,1115,2437,.458,281,820,.343,400,559,.716,519,1514,627,344,103,495,546
156,Loyola (IL),34,16,18,.471,-3.42,1.06,,9,9,,5,10,,10,7,,1936,2088,,1360,717,1860,.385,162,605,.268,340,525,.648,352,1069,397,285,100,536,579
157,Loyola (MD),30,12,18,.400,-12.04,-6.74,,8,10,,6,7,,6,11,,1652,1811,,1210,611,1527,.400,126,426,.296,304,453,.671,314,983,366,220,64,510,516
158,Loyola Marymount,31,21,10,.677,4.88,-1.22,,15,3,,12,3,,8,6,,2204,1967,,1265,810,1916,.423,167,527,.317,417,580,.719,400,1043,438,304,45,408,555
159,Maine,32,19,13,.594,-1.80,-3.49,,12,4,,11,3,,7,9,,1973,1919,,1280,737,1815,.406,183,634,.289,316,435,.726,287,1031,421,256,89,365,437
160,Manhattan,31,11,20,.355,-13.92,-7.60,,10,10,,6,8,,4,10,,1790,1986,,1245,660,1760,.375,109,424,.257,361,480,.752,377,1156,450,277,112,565,567
161,Marist,31,11,20,.355,-15.48,-7.74,,8,12,,8,7,,3,10,,1811,2051,,1270,634,1724,.368,201,622,.323,342,448,.763,281,1035,350,235,74,508,471
162,Marquette,30,18,12,.600,12.01,8.69,,12,8,,11,4,,7,5,,2030,1891,,1210,759,1689,.449,212,591,.359,300,392,.765,303,1070,517,206,139,496,392
163,Marshall,37,28,9,.757,7.09,0.60,,13,5,,16,3,,11,5,,2680,2314,,1501,960,2228,.431,319,987,.323,441,623,.708,459,1327,508,443,193,558,570
164,Maryland NCAA,33,24,9,.727,31.70,13.09,,11,7,,15,4,,6,4,,2715,2101,,1345,989,2178,.454,223,690,.323,514,675,.761,531,1383,532,335,115,504,533
165,UMBC,32,17,15,.531,-4.77,-4.84,,10,6,,8,6,,8,9,,1994,1869,,1320,708,1888,.375,148,511,.290,430,610,.705,441,1185,316,312,99,487,578
166,Maryland–Eastern Shore,35,20,15,.571,-9.24,-6.48,,11,3,,10,3,,9,8,,2153,2175,,1410,754,2012,.375,124,459,.270,521,730,.714,480,1316,368,355,94,708,723
167,Massachusetts,30,23,7,.767,4.97,-3.49,,15,3,,12,2,,10,3,,2065,1811,,1200,786,1840,.427,166,536,.310,327,470,.696,387,1118,480,300,105,439,485
168,Massachusetts–Lowell,29,8,21,.276,-23.36,-6.71,,2,14,,5,8,,3,13,,1606,1925,,1170,589,1616,.364,187,711,.263,241,343,.703,360,1007,277,168,85,490,425
169,McNeese,35,29,6,.829,5.61,-6.57,,21,1,,12,1,,14,3,,2386,1849,,1405,901,2226,.405,181,548,.330,403,550,.733,429,1170,497,519,43,375,637
170,Memphis,31,10,21,.323,-4.76,0.44,,4,14,,7,8,,3,11,,2025,2137,,1270,783,2019,.388,122,496,.246,337,569,.592,360,1185,391,337,131,520,648
171,Mercer,30,17,13,.567,-11.15,-10.72,,7,7,,9,4,,7,8,,1904,1851,,1205,662,1743,.380,160,509,.314,420,565,.743,363,1075,344,278,105,454,490
172,Mercyhurst,32,15,17,.469,-21.22,-11.82,,14,4,,7,9,,8,8,,2066,2367,,1285,700,1814,.386,292,893,.327,374,493,.759,310,908,402,256,34,475,559
173,Merrimack,32,19,13,.594,-8.20,-10.36,,15,5,,11,4,,7,8,,2157,2039,,1290,790,1956,.404,214,714,.300,363,507,.716,416,1254,462,280,125,547,532
174,Miami (FL),33,18,15,.545,16.69,11.75,,8,10,,11,7,,4,5,,2327,2164,,1335,877,2014,.435,194,633,.306,379,564,.672,387,1273,448,232,88,470,525
175,Miami (OH) NCAA,35,28,7,.800,7.96,-1.28,,16,2,,14,0,,10,6,,2468,2070,,1405,882,1985,.444,299,847,.353,405,535,.757,306,1159,557,368,129,545,622
176,Michigan NCAA,35,28,7,.800,38.77,19.11,,15,3,,16,1,,8,2,,2880,2192,,1420,1086,2346,.463,231,696,.332,477,692,.689,525,1409,596,393,123,508,637
177,Michigan State NCAA,32,23,9,.719,30.87,14.91,,11,7,,11,4,,7,4,,2627,2116,,1285,970,2037,.476,236,650,.363,451,634,.711,391,1130,563,367,127,419,516
178,Middle Tennessee,33,17,16,.515,0.06,-1.48,,11,7,,10,6,,6,8,,2044,1993,,1330,707,1772,.399,235,721,.326,395,522,.757,354,1142,343,253,90,557,549
179,Milwaukee,32,8,24,.250,-15.05,-4.89,,4,16,,5,11,,3,12,,1939,2191,,1295,685,1742,.393,217,663,.327,352,507,.694,289,1136,391,190,92,518,571
180,Minnesota NCAA,33,24,9,.727,31.14,15.84,,13,5,,15,3,,8,3,,2444,1939,,1330,937,2089,.449,216,607,.356,354,473,.748,427,1276,538,274,83,369,454
181,Mississippi NCAA,36,24,12,.667,28.20,15.14,,8,8,,12,2,,4,7,,2709,2239,,1445,967,2237,.432,188,626,.300,587,790,.743,542,1429,510,297,176,509,622
182,Mississippi State,31,18,13,.581,19.96,12.25,,5,11,,13,5,,3,7,,2320,2081,,1240,855,1951,.438,183,572,.320,427,590,.724,434,1295,436,253,146,480,490
183,Mississippi Valley State,31,8,23,.258,-29.62,-11.17,,6,12,,4,6,,3,16,,1843,2415,,1247,628,1844,.341,131,575,.228,456,702,.650,428,1209,304,275,119,675,671
184,Missouri,34,17,17,.500,11.05,15.20,,4,12,,9,8,,5,7,,2460,2601,,1365,843,1943,.434,288,831,.347,486,625,.778,262,1233,438,216,96,549,486
185,Missouri State NCAA,36,23,13,.639,3.55,0.02,,11,7,,10,5,,7,7,,2363,2236,,1445,819,2022,.405,152,513,.296,573,766,.748,429,1422,441,258,100,641,623
186,Monmouth,33,21,12,.636,-6.04,-7.67,,12,6,,11,5,,9,6,,2107,1937,,1340,776,1885,.412,176,637,.276,379,563,.673,438,1247,390,255,115,541,535
187,Montana,31,9,22,.290,-10.50,0.44,,5,13,,3,10,,4,10,,1924,2215,,1255,680,1769,.384,283,908,.312,281,365,.770,188,975,343,202,86,447,467
188,Montana State,35,27,8,.771,9.87,-0.95,,16,2,,15,0,,9,6,,2579,2131,,1415,965,2352,.410,263,899,.293,386,587,.658,503,1305,526,531,137,538,622
189,Morehead State,33,18,15,.545,-6.41,-3.60,,13,7,,11,4,,7,10,,2141,2152,,1320,748,1819,.411,260,851,.306,385,551,.699,281,1086,467,311,83,542,596
190,Morgan State,31,5,26,.161,-23.03,-4.17,,3,10,,3,8,,2,14,,1695,2219,,1245,578,1662,.348,136,456,.298,403,575,.701,303,986,322,249,69,575,542
191,Mount St. Mary's,30,15,15,.500,-13.75,-11.45,,11,9,,9,5,,6,9,,1803,1872,,1210,660,1764,.374,163,587,.278,320,484,.661,377,1135,363,310,98,532,570
192,Murray State NCAA,35,31,4,.886,7.61,-2.78,,19,1,,14,0,,12,3,,2995,2585,,1420,1012,2294,.441,289,915,.316,682,851,.801,435,1419,507,228,86,457,565
193,Navy,31,22,9,.710,0.46,-7.40,,15,2,,13,4,,9,5,,2157,1886,,1260,799,1933,.413,223,737,.303,336,486,.691,380,1206,462,248,91,411,512
194,NC State NCAA,32,21,11,.656,26.08,16.46,,13,5,,10,4,,7,5,,2455,2147,,1295,942,2090,.451,188,598,.314,383,501,.764,371,1354,453,218,113,410,396
195,Nebraska NCAA,32,19,13,.594,26.66,15.32,,7,11,,13,4,,2,7,,2517,2154,,1280,929,1958,.474,252,706,.357,407,515,.790,328,1058,581,274,114,443,532
196,Nevada,31,10,21,.323,-5.41,-0.01,,6,14,,8,6,,2,11,,1770,1915,,1250,680,1742,.390,98,427,.230,312,503,.620,363,1130,332,220,82,496,476
197,Nevada–Las Vegas,32,21,11,.656,8.32,2.48,,15,5,,12,3,,8,7,,2197,2010,,1285,796,1888,.422,225,665,.338,380,513,.741,340,1241,429,197,106,419,405
198,New Hampshire,30,10,20,.333,-13.03,-5.39,,4,12,,7,6,,3,14,,1675,1802,,1210,616,1574,.391,142,504,.282,301,404,.745,234,992,293,221,80,462,450
199,New Haven,29,7,22,.241,-23.54,-16.69,,5,13,,6,10,,1,12,,1694,1774,,1170,627,1639,.383,147,509,.289,293,407,.720,402,1105,380,247,61,506,457
200,New Mexico,32,22,10,.688,4.89,-1.76,,14,6,,12,4,,9,4,,2156,1943,,1280,798,1975,.404,242,787,.307,318,471,.675,423,1275,385,299,84,472,491
201,New Mexico State,30,9,21,.300,-14.26,-1.52,,5,13,,7,7,,2,12,,1711,2002,,1210,673,1676,.402,109,402,.271,256,408,.627,298,1041,351,282,100,633,609
202,New Orleans,30,3,27,.100,-25.10,-5.06,,3,19,,1,13,,2,14,,1841,2430,,1206,662,1896,.349,143,583,.245,374,542,.690,401,1095,349,247,78,579,575
203,Niagara,29,1,28,.034,-33.38,-7.65,,1,19,,1,11,,0,17,,1492,2238,,1160,538,1654,.325,118,456,.259,298,473,.630,360,916,255,311,85,677,600
204,Nicholls State,31,15,16,.484,-11.10,-11.40,,10,12,,8,6,,6,9,,2001,1945,,1240,711,1840,.386,123,504,.244,456,633,.720,393,1141,355,328,81,471,561
205,NJIT,32,19,13,.594,-4.66,-7.19,,9,7,,9,6,,10,7,,2093,2012,,1280,801,1794,.446,208,640,.325,283,427,.663,330,1170,397,220,158,497,465
206,Norfolk State,33,18,15,.545,-5.51,-6.30,,11,3,,9,4,,7,10,,2093,1916,,1320,755,2021,.374,189,663,.285,394,565,.697,407,1243,397,408,165,564,535
207,North Alabama,31,17,14,.548,-8.82,-7.33,,11,7,,10,4,,6,9,,2004,1985,,1265,765,1893,.404,179,632,.283,295,440,.670,358,1222,443,211,107,494,522
208,North Carolina NCAA,36,28,8,.778,29.46,13.87,,14,4,,15,2,,8,3,,2687,2126,,1460,1020,2260,.451,295,840,.351,352,511,.689,448,1436,559,312,128,518,587
209,North Carolina A&T,30,12,18,.400,-10.10,-3.02,,7,11,,8,7,,4,10,,1881,1890,,1230,653,1637,.399,153,519,.295,422,634,.666,390,1179,390,216,107,602,469
210,North Carolina Central,29,9,20,.310,-18.08,-6.89,,5,9,,7,7,,2,12,,1808,1995,,1164,633,1735,.365,143,467,.306,399,651,.613,353,1097,332,310,89,638,638
211,North Dakota,31,7,24,.226,-19.45,-1.95,,3,13,,6,10,,1,11,,1825,2238,,1240,619,1631,.380,210,778,.270,377,504,.748,209,1077,344,163,80,602,508
212,North Dakota State,34,29,5,.853,13.18,-4.04,,15,1,,12,3,,12,0,,2667,2034,,1365,942,1969,.478,207,583,.355,576,753,.765,366,1235,452,236,125,397,544
213,North Florida,30,9,21,.300,-14.03,-4.57,,4,14,,5,8,,4,12,,1867,2115,,1205,690,1749,.395,194,683,.284,293,410,.715,312,1006,383,252,78,560,540
214,North Texas,33,19,14,.576,7.52,2.35,,11,7,,10,7,,6,5,,2330,2048,,1330,841,2053,.410,181,531,.341,467,673,.694,479,1359,395,288,89,550,628
215,Northeastern,29,7,22,.241,-14.63,-7.94,,3,15,,3,10,,4,11,,1758,1952,,1185,641,1625,.394,125,434,.288,351,501,.701,348,1019,315,225,60,506,502
216,Northern Arizona,32,10,22,.313,-9.67,-1.53,,6,12,,5,8,,5,11,,2221,2382,,1285,775,1947,.398,209,630,.332,462,637,.725,341,1190,415,297,82,536,562
217,Northern Colorado,34,23,11,.676,-0.86,-3.96,,13,5,,11,4,,11,6,,2330,2061,,1369,830,1980,.419,208,695,.299,462,622,.743,462,1279,440,372,93,609,632
218,Northern Illinois,30,7,23,.233,-14.94,-3.54,,4,14,,5,8,,2,15,,1726,2068,,1205,592,1519,.390,142,477,.298,400,588,.680,254,940,344,230,59,523,569
219,Northern Iowa,32,18,14,.563,2.50,-1.03,,13,7,,8,5,,8,8,,2171,2058,,1285,771,1850,.417,228,669,.341,401,569,.705,301,1204,425,233,132,450,506
220,Northern Kentucky,32,15,17,.469,-3.26,-1.88,,12,8,,7,7,,7,9,,2189,2233,,1295,757,1942,.390,229,777,.295,446,594,.751,391,1230,367,217,90,494,559
221,Northwestern,29,8,21,.276,5.42,15.94,,2,16,,6,9,,1,11,,1896,2201,,1160,709,1668,.425,155,507,.306,323,451,.716,281,958,507,160,111,458,497
222,Northwestern State,32,18,14,.563,-7.34,-6.01,,14,8,,9,4,,8,7,,2036,1947,,1285,724,1838,.394,236,712,.331,352,503,.700,432,1277,404,210,74,570,528
223,Notre Dame NCAA,36,25,11,.694,28.30,16.36,,12,6,,14,2,,7,6,,2774,2344,,1445,1050,2272,.462,224,644,.348,450,574,.784,370,1231,503,477,114,475,564
224,Oakland,31,10,21,.323,-10.18,-0.45,,7,13,,5,7,,5,12,,1974,2208,,1245,706,1786,.395,206,667,.309,356,491,.725,356,1119,384,176,101,505,488
225,Ohio,32,18,14,.563,-0.41,-2.02,,11,7,,10,7,,7,6,,2359,2277,,1305,799,2006,.398,316,985,.321,445,677,.657,393,1197,434,378,94,560,582
226,Ohio State NCAA,35,27,8,.771,31.23,16.29,,13,5,,15,4,,7,3,,2844,2321,,1405,1055,2313,.456,282,806,.350,452,588,.769,397,1280,624,403,162,483,569
227,Oklahoma NCAA,34,26,8,.765,34.10,16.84,,11,5,,16,2,,6,3,,2921,2334,,1367,1096,2437,.450,222,765,.290,507,703,.721,550,1642,668,340,179,557,626
228,Oklahoma State NCAA,34,24,10,.706,25.36,10.12,,12,6,,16,1,,5,7,,2757,2184,,1360,1007,2161,.466,310,883,.351,433,571,.758,437,1280,588,329,100,468,537
229,Old Dominion,32,18,14,.563,0.41,1.83,,9,9,,10,5,,7,5,,2221,2191,,1305,809,2029,.399,163,567,.287,440,622,.707,485,1366,396,291,174,574,632
230,Omaha,33,6,27,.182,-25.38,-0.45,,3,13,,4,10,,1,14,,1784,2507,,1320,613,1817,.337,234,785,.298,324,450,.720,351,1127,342,173,99,640,589
231,Oral Roberts,30,15,15,.500,-4.02,-1.02,,8,8,,10,4,,5,10,,2285,2257,,1205,836,1888,.443,175,506,.346,438,598,.732,303,1055,354,290,102,456,577
232,Oregon NCAA,36,23,13,.639,25.41,16.66,,8,10,,12,5,,6,6,,2669,2354,,1460,985,2178,.452,238,698,.341,461,607,.759,360,1287,596,359,131,537,587
233,Oregon State,35,23,12,.657,8.91,4.27,,13,5,,13,5,,6,4,,2346,2136,,1415,866,1987,.436,207,622,.333,407,596,.683,395,1403,456,222,144,505,404
234,Pacific,30,11,19,.367,-3.13,2.42,,6,12,,10,8,,1,10,,1968,2062,,1200,702,1744,.403,218,677,.322,346,451,.767,357,1083,423,208,85,512,537
235,Penn State,29,11,18,.379,9.43,17.22,,4,14,,6,8,,3,8,,2158,2384,,1165,840,1822,.461,203,600,.338,275,409,.672,329,1062,475,242,76,530,542
236,Pennsylvania,27,17,10,.630,2.93,0.01,,7,7,,8,4,,6,6,,1744,1563,,1095,634,1577,.402,191,615,.311,285,364,.783,318,992,400,220,106,391,379
237,Pepperdine,34,21,13,.618,2.30,-0.61,,10,8,,15,3,,6,9,,2401,2277,,1370,880,1988,.443,252,733,.344,389,514,.757,328,1314,535,211,101,556,507
238,Pittsburgh,31,8,23,.258,-7.29,5.34,,1,17,,6,12,,1,10,,1877,2262,,1240,713,1885,.378,150,524,.286,301,398,.756,340,1164,385,188,87,495,409
239,Portland,35,20,15,.571,2.90,1.63,,11,7,,13,4,,6,9,,2404,2229,,1405,885,2108,.420,249,748,.333,385,531,.725,354,1180,588,385,192,608,626
240,Portland State,31,6,25,.194,-15.64,-3.04,,2,16,,5,10,,1,14,,1975,2316,,1250,705,1788,.394,136,514,.265,429,598,.717,350,1101,361,186,85,529,534
241,Prairie View A&M,30,2,28,.067,-33.38,-10.66,,0,18,,2,10,,0,17,,1635,2251,,1191,567,1694,.335,156,608,.257,345,541,.638,281,1002,258,220,138,609,555
242,Presbyterian,30,3,27,.100,-34.58,-10.40,,1,15,,2,11,,1,13,,1614,2187,,1200,582,1673,.348,108,435,.248,342,549,.623,384,981,237,274,70,638,618
243,Princeton NCAA,30,26,4,.867,16.28,4.65,,12,2,,11,1,,11,2,,2171,1822,,1210,791,1748,.453,197,571,.345,392,509,.770,350,1031,430,286,104,388,405
244,Providence,33,15,18,.455,2.70,6.61,,7,13,,11,7,,2,9,,1979,2108,,1325,742,1910,.388,155,555,.279,340,506,.672,399,1215,380,292,101,546,515
245,Purdue,30,13,17,.433,11.98,14.78,,5,13,,11,6,,2,10,,2083,2167,,1210,772,1795,.430,217,653,.332,322,435,.740,328,1033,456,235,80,469,552
246,Purdue Fort Wayne,35,21,14,.600,1.58,-3.13,,12,8,,14,3,,5,9,,2484,2251,,1410,916,2077,.441,248,791,.314,404,575,.703,279,1172,433,314,89,501,589
247,Queens (NC),30,10,20,.333,-20.49,-8.45,,4,14,,6,8,,4,11,,1780,2025,,1200,641,1772,.362,202,649,.311,296,471,.628,342,1069,318,229,84,514,513
248,Quinnipiac,34,27,7,.794,5.09,-9.56,,19,1,,10,4,,15,2,,2284,1786,,1365,849,1962,.433,264,719,.367,322,419,.768,347,1202,541,276,71,412,492
249,Radford,36,23,13,.639,-6.16,-10.22,,12,4,,13,3,,7,8,,2427,2204,,1465,882,2245,.393,258,834,.309,405,602,.673,430,1410,491,319,112,551,576
250,Rhode Island NCAA,33,28,5,.848,13.53,1.78,,16,2,,14,1,,11,3,,2220,1788,,1320,812,1923,.422,178,608,.293,418,542,.771,389,1264,423,223,107,379,461
251,Rice,35,29,6,.829,11.04,1.21,,17,1,,15,1,,11,3,,2431,2087,,1405,856,2161,.396,245,761,.322,474,579,.819,411,1349,489,258,124,468,593
252,Richmond NCAA,34,26,8,.765,16.80,4.15,,15,3,,13,1,,9,4,,2452,2022,,1380,891,1952,.456,352,964,.365,318,401,.793,320,1201,542,257,97,478,425
253,Rider,29,7,22,.241,-20.90,-11.94,,5,15,,4,9,,3,13,,1540,1800,,1164,588,1639,.359,166,665,.250,198,318,.623,324,1033,384,229,85,497,496
254,Robert Morris,30,18,12,.600,-6.16,-7.06,,11,9,,10,4,,8,8,,1915,1812,,1215,693,1672,.414,132,497,.266,397,516,.769,305,1144,377,178,105,477,510
255,Rutgers,29,9,20,.310,1.94,13.39,,1,17,,8,10,,1,10,,1683,2015,,1160,594,1622,.366,159,545,.292,336,501,.671,344,1017,335,223,105,484,487
256,Sacramento State,33,15,18,.455,-4.98,-3.08,,8,10,,8,6,,6,10,,2088,2002,,1325,782,1925,.406,226,722,.313,298,423,.704,412,1217,414,298,109,607,576
257,Sacred Heart,31,13,18,.419,-15.02,-9.99,,10,10,,7,7,,5,10,,1764,1903,,1250,620,1596,.388,139,462,.301,385,559,.689,349,1101,356,223,69,581,467
258,Saint Francis (PA),30,3,27,.100,-28.69,-14.76,,3,15,,2,11,,1,15,,1704,2110,,1200,618,1745,.354,155,598,.259,313,440,.711,340,1067,367,200,70,526,512
259,Saint Joseph's,31,20,11,.645,7.61,2.26,,10,8,,11,5,,8,5,,2062,1814,,1240,737,1707,.432,214,637,.336,374,524,.714,325,1083,512,254,87,447,465
260,Saint Louis,33,12,21,.364,-5.22,0.41,,5,13,,6,10,,4,9,,2120,2221,,1325,746,1974,.378,161,606,.266,467,638,.732,428,1286,402,274,153,586,655
261,Saint Mary's,32,15,17,.469,-0.85,0.45,,6,12,,7,7,,8,7,,1918,1900,,1300,745,1773,.420,130,455,.286,298,417,.715,359,1093,463,318,74,553,514
262,Saint Peter's,30,7,23,.233,-22.80,-9.39,,6,14,,2,12,,5,10,,1537,1874,,1200,547,1602,.341,165,604,.273,278,438,.635,308,987,315,251,73,480,443
263,Sam Houston,31,18,13,.581,-1.30,-2.30,,11,7,,12,4,,6,8,,2025,1857,,1245,746,1898,.393,115,423,.272,418,679,.616,455,1111,421,419,58,549,552
264,Samford NCAA,35,16,19,.457,-12.97,-4.93,,6,8,,8,4,,4,13,,2101,2265,,1405,731,1881,.389,294,902,.326,345,466,.740,295,1144,406,213,118,542,580
265,San Diego,33,11,22,.333,-8.91,-0.16,,4,14,,9,7,,0,13,,1896,2107,,1320,693,1922,.361,154,572,.269,356,517,.689,448,1301,330,254,114,570,570
266,San Diego State,33,27,6,.818,10.16,1.66,,19,1,,16,1,,10,2,,2314,1982,,1324,844,1910,.442,281,776,.362,345,450,.767,280,1172,451,223,87,416,489
267,San Francisco,34,19,15,.559,0.21,1.06,,9,9,,10,7,,6,7,,2317,2305,,1380,863,2112,.409,207,715,.290,384,558,.688,433,1358,541,311,83,632,610
268,San Jose State,32,4,28,.125,-16.11,1.98,,2,18,,4,10,,0,17,,1786,2304,,1280,608,1811,.336,222,810,.274,348,506,.688,303,1144,351,212,126,587,528
269,Santa Clara,34,24,10,.706,9.37,1.34,,13,5,,11,3,,11,5,,2728,2333,,1365,953,2388,.399,319,1030,.310,503,678,.742,493,1442,540,322,183,387,567
270,Seattle,30,5,25,.167,-20.56,-1.14,,1,17,,4,10,,0,14,,1829,2278,,1200,664,1748,.380,167,602,.277,334,422,.791,270,1008,323,202,81,529,496
271,Seton Hall,32,19,13,.594,12.50,9.15,,12,8,,10,6,,8,6,,2160,2053,,1290,765,1904,.402,229,722,.317,401,529,.758,381,1179,424,302,76,492,455
272,Siena,30,13,17,.433,-13.07,-13.40,,11,9,,7,6,,6,10,,1974,1964,,1205,706,1862,.379,161,635,.254,401,546,.734,462,1229,404,266,89,555,544
273,South Alabama,36,17,19,.472,-1.52,-1.52,,5,13,,9,7,,4,11,,2434,2434,,1445,879,2143,.410,243,769,.316,433,639,.678,515,1444,487,293,122,703,675
274,South Carolina NCAA,40,36,4,.900,48.62,20.85,,15,1,,18,0,,11,1,,3423,2312,,1605,1299,2599,.500,238,642,.371,587,804,.730,545,1698,720,381,230,514,506
275,South Carolina State,30,5,25,.167,-31.69,-9.23,,2,11,,3,11,,2,13,,1616,2111,,1206,601,1743,.345,147,554,.265,267,418,.639,315,953,303,319,70,627,565
276,South Carolina Upstate,32,12,20,.375,-21.73,-10.87,,6,10,,6,8,,5,10,,1851,2012,,1290,683,1718,.398,199,570,.349,286,412,.694,412,1325,376,159,106,714,514
277,South Dakota,36,26,10,.722,2.79,-4.46,,12,4,,15,4,,9,5,,2528,2115,,1445,905,2169,.417,206,640,.322,512,644,.795,401,1420,455,263,137,453,552
278,South Dakota State NCAA,34,27,7,.794,16.63,2.27,,14,2,,11,2,,10,2,,2581,2093,,1360,952,1972,.483,239,680,.351,438,588,.745,341,1325,542,243,132,463,434
279,South Florida,32,20,12,.625,11.68,7.74,,13,5,,14,3,,5,5,,2253,2127,,1285,849,1951,.435,145,469,.309,410,559,.733,397,1291,507,204,130,494,555
280,Southeast Missouri State,32,14,18,.438,-8.39,-4.49,,8,12,,8,6,,4,10,,2137,2143,,1280,757,1800,.421,176,594,.296,447,639,.700,292,1049,407,254,109,523,552
281,Southeastern Louisiana,29,5,24,.172,-21.83,-4.19,,4,18,,4,9,,1,15,,1717,2155,,1170,610,1697,.359,177,595,.297,320,454,.705,338,955,306,233,51,442,487
282,Southern NCAA,34,20,14,.588,-7.56,-6.12,,12,6,,9,2,,7,12,,2080,2047,,1360,760,2016,.377,170,527,.323,390,649,.601,458,1188,420,385,116,579,716
283,Southern California NCAA,32,18,14,.563,26.77,21.27,,9,9,,12,4,,3,8,,2230,2054,,1285,814,1992,.409,240,778,.308,362,521,.695,386,1174,518,271,181,467,547
284,Southern Illinois,30,10,20,.333,-12.02,-4.52,,7,13,,7,7,,3,10,,2008,2146,,1200,758,1865,.406,113,388,.291,379,549,.690,370,1134,377,233,70,447,549
285,SIU Edwardsville,32,16,16,.500,-8.74,-6.50,,8,12,,10,6,,5,9,,1988,1917,,1290,726,1846,.393,221,712,.310,315,478,.659,379,1225,387,187,79,488,500
286,Southern Indiana,32,21,11,.656,1.16,-4.74,,14,6,,12,4,,8,6,,2221,1878,,1290,814,1991,.409,185,584,.317,408,546,.747,447,1286,410,322,83,466,520
287,Southern Methodist,30,9,21,.300,-3.34,9.56,,2,16,,6,10,,2,10,,1854,2241,,1200,666,1785,.373,180,574,.314,342,503,.680,349,1024,310,301,132,529,500
288,Southern Mississippi,31,15,16,.484,-2.63,-0.01,,8,10,,10,5,,5,8,,2304,2294,,1245,824,2018,.408,224,716,.313,432,573,.754,392,1190,348,236,70,421,499
289,Southern Utah,32,19,13,.594,-4.12,-3.81,,11,7,,13,1,,5,11,,2314,2182,,1290,807,1913,.422,208,630,.330,492,674,.730,406,1329,485,151,125,494,549
290,St. Bonaventure,33,17,16,.515,-5.68,-4.43,,7,11,,9,5,,6,10,,2044,2036,,1330,773,1874,.412,167,556,.300,331,455,.727,304,1142,378,265,99,501,511
291,St. John's (NY),34,22,12,.647,6.05,5.87,,11,9,,11,4,,8,7,,2087,2081,,1360,761,1740,.437,184,629,.293,381,536,.711,300,1153,471,213,155,594,455
292,St. Thomas,32,16,16,.500,-5.26,-3.26,,8,8,,10,8,,5,6,,2074,1989,,1285,743,1725,.431,207,645,.321,381,549,.694,317,1090,437,262,143,508,513
293,Stanford,35,21,14,.600,18.40,11.11,,8,10,,13,6,,6,6,,2468,2213,,1415,939,2165,.434,197,664,.297,393,498,.789,419,1399,437,273,127,504,506
294,Stephen F. Austin NCAA,35,25,10,.714,-2.14,-8.89,,16,6,,13,3,,8,5,,2635,2342,,1410,943,2149,.439,289,888,.325,460,617,.746,378,1370,588,321,174,620,580
295,Stetson,32,20,12,.625,-4.15,-5.42,,12,6,,10,3,,7,8,,2231,2077,,1285,796,1866,.427,257,784,.328,382,560,.682,348,1163,447,236,84,458,549
296,Stonehill,30,12,18,.400,-22.12,-15.33,,8,10,,8,6,,3,12,,1794,1946,,1200,671,1679,.400,152,526,.289,300,400,.750,351,1085,411,188,69,527,429
297,Stony Brook,33,18,15,.545,-9.08,-5.68,,12,6,,13,1,,4,11,,1896,1894,,1325,687,1784,.385,187,618,.303,335,492,.681,437,1190,395,280,91,577,473
298,Syracuse NCAA,33,24,9,.727,19.94,10.88,,12,6,,15,3,,6,4,,2426,2127,,1345,923,2191,.421,176,571,.308,404,559,.723,545,1377,474,341,176,518,512
299,Tarleton State,31,14,17,.452,-5.74,-2.70,,7,11,,8,6,,4,9,,2009,2021,,1260,738,1856,.398,178,577,.308,355,521,.681,380,1230,356,237,132,545,530
300,Temple,32,15,17,.469,3.16,4.13,,8,10,,9,5,,4,9,,2169,2200,,1295,774,1976,.392,207,635,.326,414,574,.721,428,1232,424,289,57,546,568
301,Tennessee NCAA,30,16,14,.533,27.16,20.36,,8,8,,9,4,,7,6,,2293,2089,,1206,831,2026,.410,280,917,.305,351,521,.674,459,1183,408,309,106,467,578
302,Tennessee State,29,5,24,.172,-19.76,-3.35,,4,16,,4,10,,1,14,,1710,2186,,1160,613,1652,.371,135,474,.285,349,535,.652,322,1033,295,235,101,586,590
303,Tennessee Tech,29,15,14,.517,-6.57,-6.20,,8,12,,11,5,,4,9,,1920,1866,,1170,660,1758,.375,199,622,.320,401,571,.702,439,1116,332,238,73,445,507
304,Tennessee–Martin,30,13,17,.433,-9.54,-4.72,,9,11,,9,5,,4,11,,1878,1890,,1215,665,1636,.406,158,534,.296,390,533,.732,237,1008,346,260,91,468,484
305,Texas NCAA,39,35,4,.897,47.74,19.58,,13,3,,20,0,,7,3,,3273,2175,,1560,1284,2585,.497,164,489,.335,541,754,.718,571,1523,704,464,175,472,668
306,Texas A&M,27,14,13,.519,14.68,17.53,,7,9,,8,6,,4,5,,1747,1824,,1085,616,1593,.387,147,503,.292,368,543,.678,331,1012,352,250,86,463,504
307,TAMUCC,29,6,23,.207,-21.13,-7.56,,5,17,,4,10,,2,13,,1642,1952,,1160,566,1505,.376,170,569,.299,340,522,.651,329,1084,360,170,95,600,534
308,Texas Christian NCAA,38,32,6,.842,31.62,11.73,,15,3,,20,0,,7,3,,2917,2161,,1530,1094,2339,.468,337,946,.356,392,510,.769,414,1563,631,272,204,519,582
309,Texas Southern,31,10,21,.323,-22.62,-9.70,,6,12,,7,6,,3,12,,2053,2225,,1240,729,1913,.381,164,661,.248,431,685,.629,439,1252,327,264,78,610,634
310,Texas State,30,11,19,.367,-8.26,-1.58,,7,11,,7,8,,4,10,,1887,1986,,1199,697,1723,.405,110,398,.276,383,548,.699,368,1128,335,254,109,599,547
311,Texas Tech NCAA,34,26,8,.765,23.24,11.59,,12,6,,15,2,,7,5,,2407,2011,,1360,846,1933,.438,260,766,.339,455,597,.762,346,1170,483,327,194,547,640
312,Texas–Rio Grande Valley,35,21,14,.600,-6.89,-5.40,,16,6,,9,6,,11,5,,2315,2272,,1415,817,2010,.406,205,634,.323,476,642,.741,425,1471,519,193,112,564,537
313,Toledo,32,17,15,.531,0.08,-1.43,,9,9,,10,5,,5,9,,2083,2024,,1282,759,1802,.421,174,600,.290,391,534,.732,361,1191,415,239,73,570,535
314,Towson,31,17,14,.548,-7.41,-5.98,,10,8,,11,4,,6,9,,2057,2037,,1252,730,1894,.385,217,695,.312,380,549,.692,382,1185,401,207,105,447,523
315,Troy,33,25,8,.758,10.12,0.49,,15,3,,13,1,,9,6,,2684,2306,,1319,981,2380,.412,243,745,.326,479,669,.716,599,1647,520,322,148,559,586
316,Tulane,31,11,20,.355,-0.37,1.69,,6,12,,7,10,,3,8,,2015,2079,,1255,735,1857,.396,168,611,.275,377,543,.694,389,1200,432,225,116,548,519
317,Tulsa,31,19,12,.613,0.54,-1.39,,11,7,,12,3,,7,6,,2105,2045,,1254,727,1760,.413,207,667,.310,444,632,.703,326,1142,399,270,108,593,578
318,UAB,30,11,19,.367,-2.92,-1.30,,4,14,,7,9,,3,9,,2047,2097,,1215,757,1743,.434,241,684,.352,292,397,.736,238,1050,435,156,49,479,483
319,UC Davis,34,23,11,.676,-1.63,-3.82,,15,5,,11,3,,9,7,,2333,2194,,1380,814,1981,.411,292,944,.309,413,546,.756,319,1300,499,258,87,514,493
320,UC Irvine,33,26,7,.788,6.82,-6.03,,17,3,,14,1,,10,5,,2340,1916,,1325,745,1871,.398,284,800,.355,566,702,.806,362,1243,429,309,76,413,547
321,UC Riverside,32,11,21,.344,-7.07,-2.60,,8,12,,5,9,,5,11,,2009,2085,,1285,708,1835,.386,216,749,.288,377,520,.725,314,1107,418,278,76,499,545
322,UC San Diego NCAA,33,24,9,.727,2.48,-3.78,,17,3,,11,4,,11,5,,2315,2067,,1340,858,2041,.420,204,666,.306,395,551,.717,308,1143,465,346,99,422,501
323,UC Santa Barbara,30,20,10,.667,0.52,-4.76,,12,8,,9,4,,10,5,,1985,1796,,1196,701,1674,.419,264,789,.335,319,439,.727,239,1064,390,153,95,417,472
324,UCF,30,11,19,.367,3.90,8.16,,3,15,,7,10,,2,7,,1888,2016,,1210,698,1682,.415,99,384,.258,393,540,.728,330,1067,344,201,113,529,453
325,UCLA NCAA,38,37,1,.974,49.42,21.97,,18,0,,16,0,,9,0,,3187,2144,,1520,1226,2410,.509,272,739,.368,463,593,.781,532,1611,834,318,170,489,532
326,UNC Asheville,30,12,18,.400,-19.58,-14.03,,7,9,,6,10,,6,7,,1843,1821,,1205,657,1746,.376,160,564,.284,369,587,.629,455,1233,379,252,103,629,551
327,UNC Greensboro,30,14,16,.467,-12.35,-9.35,,4,10,,10,4,,4,11,,1876,1665,,1200,680,1781,.382,218,689,.316,298,399,.747,381,1103,399,266,88,432,451
328,UNC Wilmington,31,7,24,.226,-18.78,-8.01,,2,16,,5,8,,1,15,,1819,2103,,1245,654,1676,.390,177,567,.312,334,480,.696,324,1073,324,246,86,608,495
329,UT Arlington,33,12,21,.364,-7.27,-1.03,,4,14,,7,6,,1,13,,2020,2226,,1335,719,1812,.397,117,381,.307,465,690,.674,335,1157,402,300,168,668,654
330,Utah,32,19,13,.594,14.57,12.83,,10,8,,10,6,,9,4,,2175,2095,,1285,775,1813,.427,278,817,.340,347,472,.735,330,1236,520,207,82,560,488
331,Utah State,30,6,24,.200,-11.29,0.41,,2,18,,5,9,,1,14,,1769,2053,,1205,637,1700,.375,177,653,.271,318,424,.750,252,969,321,219,64,471,453
332,Utah Tech,29,9,20,.310,-9.23,-4.59,,4,14,,9,8,,0,11,,1843,1962,,1169,639,1686,.379,234,786,.298,331,478,.692,251,1081,382,187,99,492,506
333,Utah Valley,31,16,15,.516,-4.05,-3.08,,9,9,,11,4,,5,10,,1958,1897,,1250,676,1735,.390,173,535,.323,433,604,.717,310,962,428,471,92,546,549
334,UTEP,30,13,17,.433,-11.11,-4.14,,5,13,,10,7,,3,9,,1983,2094,,1220,719,1870,.384,170,572,.297,375,540,.694,434,1167,346,264,62,507,526
335,UTSA NCAA,34,18,16,.529,4.51,4.75,,9,9,,8,5,,5,10,,2031,1997,,1360,753,1908,.395,149,504,.296,376,542,.694,423,1356,454,245,116,627,541
336,Valparaiso,32,0,32,.000,-28.95,-3.01,,0,20,,0,13,,0,16,,1778,2608,,1285,631,1925,.328,188,751,.250,328,494,.664,315,1186,337,182,87,600,599
337,Vanderbilt NCAA,34,29,5,.853,34.25,15.13,,13,3,,18,0,,7,2,,2866,2216,,1360,1036,2224,.466,322,887,.363,472,612,.771,463,1263,642,371,140,461,506
338,Vermont NCAA,35,27,8,.771,4.84,-4.86,,13,3,,14,2,,12,5,,2288,1827,,1410,890,1962,.454,216,638,.339,292,402,.726,318,1160,411,226,108,374,440
339,Villanova NCAA,33,25,8,.758,20.97,10.97,,16,4,,12,3,,10,3,,2351,2021,,1320,895,2052,.436,282,823,.343,279,356,.784,320,1155,585,323,130,447,535
340,Virginia NCAA,34,22,12,.647,21.32,11.38,,11,7,,12,5,,7,4,,2549,2211,,1405,947,2145,.441,223,689,.324,432,607,.712,478,1423,578,284,216,476,552
341,Virginia Commonwealth,31,8,23,.258,-6.51,4.11,,4,14,,7,6,,1,10,,1759,2088,,1240,664,1790,.371,171,609,.281,260,399,.652,357,1120,370,268,50,559,535
342,Virginia Tech NCAA,33,23,10,.697,20.16,9.22,,12,6,,14,4,,7,3,,2392,2031,,1330,873,2152,.406,184,593,.310,462,625,.739,463,1333,511,256,157,440,561
343,Wagner,30,13,17,.433,-21.16,-15.12,,9,9,,8,7,,5,10,,1709,1789,,1200,637,1668,.382,97,402,.241,338,541,.625,356,1067,331,292,95,548,617
344,Wake Forest,32,14,18,.438,4.46,5.61,,4,14,,8,11,,3,6,,2086,2123,,1310,790,1782,.443,210,631,.333,296,441,.671,255,1109,539,225,102,534,441
345,Washington NCAA,33,22,11,.667,25.80,16.43,,10,8,,13,4,,7,6,,2354,2045,,1345,896,2013,.445,246,722,.341,316,433,.730,406,1284,471,234,128,488,516
346,Washington State,34,9,25,.265,-4.56,5.09,,6,12,,3,11,,3,10,,2161,2489,,1365,823,1989,.414,200,689,.290,315,419,.752,332,1157,503,218,87,545,596
347,Weber State,33,11,22,.333,-8.79,-1.19,,4,14,,7,8,,2,13,,2108,2221,,1330,738,1844,.400,243,743,.327,389,510,.763,266,1148,452,269,126,589,555
348,West Georgia,31,18,13,.581,-8.38,-8.97,,10,8,,12,3,,5,9,,2263,2116,,1270,772,1835,.421,265,803,.330,454,645,.704,364,1188,349,248,75,534,540
349,West Virginia NCAA,35,28,7,.800,31.44,13.52,,14,4,,15,4,,8,2,,2672,2045,,1400,963,2109,.457,238,673,.354,508,714,.711,439,1270,520,390,80,529,538
350,Western Carolina,29,3,26,.103,-23.04,-6.43,,0,14,,3,11,,0,12,,1625,1928,,1159,550,1536,.358,152,523,.291,371,508,.730,326,1004,307,201,91,573,495
351,Western Illinois NCAA,32,26,6,.813,5.00,-5.86,,16,4,,15,1,,9,5,,2403,1945,,1290,858,1868,.459,165,481,.343,522,667,.783,274,1134,397,258,102,373,441
352,Western Kentucky,29,8,21,.276,-11.79,-2.29,,4,14,,5,9,,3,12,,1665,1883,,1165,621,1558,.399,169,581,.291,254,365,.696,237,882,339,262,118,496,410
353,Western Michigan,29,9,20,.310,-10.37,-1.15,,5,13,,5,9,,4,11,,1631,1901,,1165,578,1550,.373,195,675,.289,280,435,.644,262,951,342,178,69,512,476
354,Wichita State,31,8,23,.258,-8.35,0.25,,5,13,,6,11,,2,10,,1874,2078,,1250,692,1784,.388,143,531,.269,347,529,.656,364,1135,368,254,98,553,592
355,William & Mary,31,17,14,.548,-7.40,-7.06,,9,9,,5,8,,10,5,,1889,1880,,1245,713,1806,.395,154,562,.274,309,433,.714,358,1118,438,274,98,482,517
356,Winthrop,32,15,17,.469,-15.78,-9.61,,7,9,,8,5,,5,10,,2116,2141,,1280,777,1893,.410,138,514,.268,424,630,.673,383,1113,350,370,85,568,553
357,Wisconsin,34,16,18,.471,11.39,15.54,,5,13,,12,5,,4,9,,2304,2445,,1385,858,2056,.417,285,826,.345,303,400,.758,394,1194,512,257,130,563,616
358,Wofford,29,16,13,.552,-8.16,-7.66,,10,4,,9,4,,7,8,,1908,1764,,1160,698,1753,.398,181,612,.296,331,436,.759,347,1156,316,137,79,373,419
359,Wright State,32,10,22,.313,-13.82,-5.45,,6,14,,7,7,,3,14,,2091,2229,,1295,750,1916,.391,255,733,.348,336,473,.710,324,1094,390,230,53,454,563
360,Wyoming,30,10,20,.333,-6.29,1.47,,7,13,,8,6,,2,13,,1660,1848,,1210,637,1596,.399,184,633,.291,202,283,.714,197,1003,420,154,119,459,384
361,Xavier,30,11,19,.367,-2.00,6.20,,4,16,,8,9,,3,9,,1751,1997,,1200,661,1682,.393,171,604,.283,258,356,.725,284,998,402,176,96,510,493
362,Yale,27,7,20,.259,-11.60,-1.93,,3,11,,3,9,,4,11,,1566,1827,,1095,604,1547,.390,96,317,.303,262,357,.734,322,973,343,210,130,486,515
363,Youngstown State,35,25,10,.714,-0.41,-5.17,,15,5,,12,5,,11,4,,2323,2018,,1410,860,2021,.426,234,761,.307,369,497,.742,330,1289,543,273,173,497,527


Provided by <a href="https://www.sports-reference.com/sharing.html?utm_source=direct&utm_medium=Share&utm_campaign=ShareTool">CBB at Sports Reference</a>: <a href="https://www.sports-reference.com/cbb/seasons/women/2026-school-stats.html?sr&utm_source=direct&utm_medium=Share&utm_campaign=ShareTool#basic_school_stats">View Original Table</a><br>Generated 9/25/2026.